--
-- PostgreSQL database dump
--

\restrict YvycXxQMKWAXaVpKWukHQjqWCeDJGVp5KdX6or7NJT7W9fNjhSSYlzAFAralmMr

-- Dumped from database version 15.15 (Debian 15.15-1.pgdg13+1)
-- Dumped by pg_dump version 15.15 (Debian 15.15-1.pgdg13+1)

SET statement_timeout = 0;
SET lock_timeout = 0;
SET idle_in_transaction_session_timeout = 0;
SET client_encoding = 'UTF8';
SET standard_conforming_strings = on;
SELECT pg_catalog.set_config('search_path', '', false);
SET check_function_bodies = false;
SET xmloption = content;
SET client_min_messages = warning;
SET row_security = off;

SET default_tablespace = '';

SET default_table_access_method = heap;

--
-- Name: auth_group; Type: TABLE; Schema: public; Owner: admin
--

CREATE TABLE public.auth_group (
    id integer NOT NULL,
    name character varying(150) NOT NULL
);


ALTER TABLE public.auth_group OWNER TO admin;

--
-- Name: auth_group_id_seq; Type: SEQUENCE; Schema: public; Owner: admin
--

ALTER TABLE public.auth_group ALTER COLUMN id ADD GENERATED BY DEFAULT AS IDENTITY (
    SEQUENCE NAME public.auth_group_id_seq
    START WITH 1
    INCREMENT BY 1
    NO MINVALUE
    NO MAXVALUE
    CACHE 1
);


--
-- Name: auth_group_permissions; Type: TABLE; Schema: public; Owner: admin
--

CREATE TABLE public.auth_group_permissions (
    id bigint NOT NULL,
    group_id integer NOT NULL,
    permission_id integer NOT NULL
);


ALTER TABLE public.auth_group_permissions OWNER TO admin;

--
-- Name: auth_group_permissions_id_seq; Type: SEQUENCE; Schema: public; Owner: admin
--

ALTER TABLE public.auth_group_permissions ALTER COLUMN id ADD GENERATED BY DEFAULT AS IDENTITY (
    SEQUENCE NAME public.auth_group_permissions_id_seq
    START WITH 1
    INCREMENT BY 1
    NO MINVALUE
    NO MAXVALUE
    CACHE 1
);


--
-- Name: auth_permission; Type: TABLE; Schema: public; Owner: admin
--

CREATE TABLE public.auth_permission (
    id integer NOT NULL,
    name character varying(255) NOT NULL,
    content_type_id integer NOT NULL,
    codename character varying(100) NOT NULL
);


ALTER TABLE public.auth_permission OWNER TO admin;

--
-- Name: auth_permission_id_seq; Type: SEQUENCE; Schema: public; Owner: admin
--

ALTER TABLE public.auth_permission ALTER COLUMN id ADD GENERATED BY DEFAULT AS IDENTITY (
    SEQUENCE NAME public.auth_permission_id_seq
    START WITH 1
    INCREMENT BY 1
    NO MINVALUE
    NO MAXVALUE
    CACHE 1
);


--
-- Name: auth_user; Type: TABLE; Schema: public; Owner: admin
--

CREATE TABLE public.auth_user (
    id integer NOT NULL,
    password character varying(128) NOT NULL,
    last_login timestamp with time zone,
    is_superuser boolean NOT NULL,
    username character varying(150) NOT NULL,
    first_name character varying(150) NOT NULL,
    last_name character varying(150) NOT NULL,
    email character varying(254) NOT NULL,
    is_staff boolean NOT NULL,
    is_active boolean NOT NULL,
    date_joined timestamp with time zone NOT NULL
);


ALTER TABLE public.auth_user OWNER TO admin;

--
-- Name: auth_user_groups; Type: TABLE; Schema: public; Owner: admin
--

CREATE TABLE public.auth_user_groups (
    id bigint NOT NULL,
    user_id integer NOT NULL,
    group_id integer NOT NULL
);


ALTER TABLE public.auth_user_groups OWNER TO admin;

--
-- Name: auth_user_groups_id_seq; Type: SEQUENCE; Schema: public; Owner: admin
--

ALTER TABLE public.auth_user_groups ALTER COLUMN id ADD GENERATED BY DEFAULT AS IDENTITY (
    SEQUENCE NAME public.auth_user_groups_id_seq
    START WITH 1
    INCREMENT BY 1
    NO MINVALUE
    NO MAXVALUE
    CACHE 1
);


--
-- Name: auth_user_id_seq; Type: SEQUENCE; Schema: public; Owner: admin
--

ALTER TABLE public.auth_user ALTER COLUMN id ADD GENERATED BY DEFAULT AS IDENTITY (
    SEQUENCE NAME public.auth_user_id_seq
    START WITH 1
    INCREMENT BY 1
    NO MINVALUE
    NO MAXVALUE
    CACHE 1
);


--
-- Name: auth_user_user_permissions; Type: TABLE; Schema: public; Owner: admin
--

CREATE TABLE public.auth_user_user_permissions (
    id bigint NOT NULL,
    user_id integer NOT NULL,
    permission_id integer NOT NULL
);


ALTER TABLE public.auth_user_user_permissions OWNER TO admin;

--
-- Name: auth_user_user_permissions_id_seq; Type: SEQUENCE; Schema: public; Owner: admin
--

ALTER TABLE public.auth_user_user_permissions ALTER COLUMN id ADD GENERATED BY DEFAULT AS IDENTITY (
    SEQUENCE NAME public.auth_user_user_permissions_id_seq
    START WITH 1
    INCREMENT BY 1
    NO MINVALUE
    NO MAXVALUE
    CACHE 1
);


--
-- Name: django_admin_log; Type: TABLE; Schema: public; Owner: admin
--

CREATE TABLE public.django_admin_log (
    id integer NOT NULL,
    action_time timestamp with time zone NOT NULL,
    object_id text,
    object_repr character varying(200) NOT NULL,
    action_flag smallint NOT NULL,
    change_message text NOT NULL,
    content_type_id integer,
    user_id integer NOT NULL,
    CONSTRAINT django_admin_log_action_flag_check CHECK ((action_flag >= 0))
);


ALTER TABLE public.django_admin_log OWNER TO admin;

--
-- Name: django_admin_log_id_seq; Type: SEQUENCE; Schema: public; Owner: admin
--

ALTER TABLE public.django_admin_log ALTER COLUMN id ADD GENERATED BY DEFAULT AS IDENTITY (
    SEQUENCE NAME public.django_admin_log_id_seq
    START WITH 1
    INCREMENT BY 1
    NO MINVALUE
    NO MAXVALUE
    CACHE 1
);


--
-- Name: django_content_type; Type: TABLE; Schema: public; Owner: admin
--

CREATE TABLE public.django_content_type (
    id integer NOT NULL,
    app_label character varying(100) NOT NULL,
    model character varying(100) NOT NULL
);


ALTER TABLE public.django_content_type OWNER TO admin;

--
-- Name: django_content_type_id_seq; Type: SEQUENCE; Schema: public; Owner: admin
--

ALTER TABLE public.django_content_type ALTER COLUMN id ADD GENERATED BY DEFAULT AS IDENTITY (
    SEQUENCE NAME public.django_content_type_id_seq
    START WITH 1
    INCREMENT BY 1
    NO MINVALUE
    NO MAXVALUE
    CACHE 1
);


--
-- Name: django_migrations; Type: TABLE; Schema: public; Owner: admin
--

CREATE TABLE public.django_migrations (
    id bigint NOT NULL,
    app character varying(255) NOT NULL,
    name character varying(255) NOT NULL,
    applied timestamp with time zone NOT NULL
);


ALTER TABLE public.django_migrations OWNER TO admin;

--
-- Name: django_migrations_id_seq; Type: SEQUENCE; Schema: public; Owner: admin
--

ALTER TABLE public.django_migrations ALTER COLUMN id ADD GENERATED BY DEFAULT AS IDENTITY (
    SEQUENCE NAME public.django_migrations_id_seq
    START WITH 1
    INCREMENT BY 1
    NO MINVALUE
    NO MAXVALUE
    CACHE 1
);


--
-- Name: django_session; Type: TABLE; Schema: public; Owner: admin
--

CREATE TABLE public.django_session (
    session_key character varying(40) NOT NULL,
    session_data text NOT NULL,
    expire_date timestamp with time zone NOT NULL
);


ALTER TABLE public.django_session OWNER TO admin;

--
-- Name: logs_requestlog; Type: TABLE; Schema: public; Owner: admin
--

CREATE TABLE public.logs_requestlog (
    id bigint NOT NULL,
    user_id character varying(100) NOT NULL,
    url text NOT NULL,
    request_type character varying(20) NOT NULL,
    status_code integer NOT NULL,
    execution_time double precision NOT NULL,
    error_message text,
    created_at timestamp with time zone NOT NULL
);


ALTER TABLE public.logs_requestlog OWNER TO admin;

--
-- Name: logs_requestlog_id_seq; Type: SEQUENCE; Schema: public; Owner: admin
--

ALTER TABLE public.logs_requestlog ALTER COLUMN id ADD GENERATED BY DEFAULT AS IDENTITY (
    SEQUENCE NAME public.logs_requestlog_id_seq
    START WITH 1
    INCREMENT BY 1
    NO MINVALUE
    NO MAXVALUE
    CACHE 1
);


--
-- Data for Name: auth_group; Type: TABLE DATA; Schema: public; Owner: admin
--

COPY public.auth_group (id, name) FROM stdin;
\.


--
-- Data for Name: auth_group_permissions; Type: TABLE DATA; Schema: public; Owner: admin
--

COPY public.auth_group_permissions (id, group_id, permission_id) FROM stdin;
\.


--
-- Data for Name: auth_permission; Type: TABLE DATA; Schema: public; Owner: admin
--

COPY public.auth_permission (id, name, content_type_id, codename) FROM stdin;
1	Can add log entry	1	add_logentry
2	Can change log entry	1	change_logentry
3	Can delete log entry	1	delete_logentry
4	Can view log entry	1	view_logentry
5	Can add permission	2	add_permission
6	Can change permission	2	change_permission
7	Can delete permission	2	delete_permission
8	Can view permission	2	view_permission
9	Can add group	3	add_group
10	Can change group	3	change_group
11	Can delete group	3	delete_group
12	Can view group	3	view_group
13	Can add user	4	add_user
14	Can change user	4	change_user
15	Can delete user	4	delete_user
16	Can view user	4	view_user
17	Can add content type	5	add_contenttype
18	Can change content type	5	change_contenttype
19	Can delete content type	5	delete_contenttype
20	Can view content type	5	view_contenttype
21	Can add session	6	add_session
22	Can change session	6	change_session
23	Can delete session	6	delete_session
24	Can view session	6	view_session
25	Can add Лог запроса	7	add_requestlog
26	Can change Лог запроса	7	change_requestlog
27	Can delete Лог запроса	7	delete_requestlog
28	Can view Лог запроса	7	view_requestlog
\.


--
-- Data for Name: auth_user; Type: TABLE DATA; Schema: public; Owner: admin
--

COPY public.auth_user (id, password, last_login, is_superuser, username, first_name, last_name, email, is_staff, is_active, date_joined) FROM stdin;
1	pbkdf2_sha256$720000$rHamoa0JzOWyfDiijFBqaX$/6PElvNOrhr3IO0X9gUYolR7NS3VVNtQUP9C374a0K0=	2026-01-06 13:39:02.724491+00	t	admin			puo87@mail.ru	t	t	2026-01-06 13:38:29.882154+00
\.


--
-- Data for Name: auth_user_groups; Type: TABLE DATA; Schema: public; Owner: admin
--

COPY public.auth_user_groups (id, user_id, group_id) FROM stdin;
\.


--
-- Data for Name: auth_user_user_permissions; Type: TABLE DATA; Schema: public; Owner: admin
--

COPY public.auth_user_user_permissions (id, user_id, permission_id) FROM stdin;
\.


--
-- Data for Name: django_admin_log; Type: TABLE DATA; Schema: public; Owner: admin
--

COPY public.django_admin_log (id, action_time, object_id, object_repr, action_flag, change_message, content_type_id, user_id) FROM stdin;
1	2026-01-06 16:13:22.317594+00	2	3rg - video (500)	1	[{"added": {}}]	7	1
2	2026-01-06 16:14:10.150609+00	2	3rg - video (500)	3		7	1
\.


--
-- Data for Name: django_content_type; Type: TABLE DATA; Schema: public; Owner: admin
--

COPY public.django_content_type (id, app_label, model) FROM stdin;
1	admin	logentry
2	auth	permission
3	auth	group
4	auth	user
5	contenttypes	contenttype
6	sessions	session
7	logs	requestlog
\.


--
-- Data for Name: django_migrations; Type: TABLE DATA; Schema: public; Owner: admin
--

COPY public.django_migrations (id, app, name, applied) FROM stdin;
1	contenttypes	0001_initial	2026-01-06 13:37:46.353999+00
2	auth	0001_initial	2026-01-06 13:37:46.482156+00
3	admin	0001_initial	2026-01-06 13:37:46.521454+00
4	admin	0002_logentry_remove_auto_add	2026-01-06 13:37:46.542223+00
5	admin	0003_logentry_add_action_flag_choices	2026-01-06 13:37:46.556975+00
6	contenttypes	0002_remove_content_type_name	2026-01-06 13:37:46.592493+00
7	auth	0002_alter_permission_name_max_length	2026-01-06 13:37:46.60552+00
8	auth	0003_alter_user_email_max_length	2026-01-06 13:37:46.617949+00
9	auth	0004_alter_user_username_opts	2026-01-06 13:37:46.631648+00
10	auth	0005_alter_user_last_login_null	2026-01-06 13:37:46.643252+00
11	auth	0006_require_contenttypes_0002	2026-01-06 13:37:46.646072+00
12	auth	0007_alter_validators_add_error_messages	2026-01-06 13:37:46.660572+00
13	auth	0008_alter_user_username_max_length	2026-01-06 13:37:46.683533+00
14	auth	0009_alter_user_last_name_max_length	2026-01-06 13:37:46.699789+00
15	auth	0010_alter_group_name_max_length	2026-01-06 13:37:46.718984+00
16	auth	0011_update_proxy_permissions	2026-01-06 13:37:46.731073+00
17	auth	0012_alter_user_first_name_max_length	2026-01-06 13:37:46.743452+00
18	sessions	0001_initial	2026-01-06 13:37:46.760469+00
19	logs	0001_initial	2026-01-06 14:59:47.30896+00
20	logs	0002_rename_reply_type_requestlog_request_type	2026-01-06 16:02:55.385645+00
\.


--
-- Data for Name: django_session; Type: TABLE DATA; Schema: public; Owner: admin
--

COPY public.django_session (session_key, session_data, expire_date) FROM stdin;
xs79ap1r7ydu6lscy94h6lytri95n2c6	.eJxVjEEOwiAQAP_C2RAWBMSj976h2V1AqgaS0p6MfzckPeh1ZjJvMeO-lXnvaZ2XKK4CxOmXEfIz1SHiA-u9SW51WxeSI5GH7XJqMb1uR_s3KNjL2AJnE1z02jBi0JmBAkAGz2QpOWZj8QIqKAvWAXhrXdR0JnQKSbH4fAHhHjes:1vd7H4:o-HW2oB0DDKbLHzGCI6FfZbpyu_hOSkwuBvs7_hhrwU	2026-01-20 13:39:02.729078+00
\.


--
-- Data for Name: logs_requestlog; Type: TABLE DATA; Schema: public; Owner: admin
--

COPY public.logs_requestlog (id, user_id, url, request_type, status_code, execution_time, error_message, created_at) FROM stdin;
3	5357180	http://192.168.31.1	PDF	200	2.52	\N	2026-01-06 17:20:21.526856+00
36	5357180	http://192.168.31.1	PDF	200	1.34	\N	2026-01-06 17:23:34.172259+00
37	5357180	http://192.168.31.1	PDF	200	7.27	\N	2026-01-06 17:43:32.214364+00
38	5357180	https://youtube.com/shorts/0chPNI-ZQic?si=fY_ZW9BehMo1-47v	Video	200	6.81	\N	2026-01-06 17:51:14.162655+00
39	5357180	https://youtube.com/shorts/0chPNI-ZQic?si=fY_ZW9BehMo1-47v	Video	200	12	\N	2026-01-07 09:08:42.872225+00
40	5357180	https://youtube.com/shorts/0chPNI-ZQic?si=fY_ZW9BehMo1-47	Video	200	5.75	\N	2026-01-07 09:09:13.473829+00
41	5357180	https://youtube.com/shorts/0chPNI-ZQic?si=fY_ZW	Video	200	7.37	\N	2026-01-07 09:09:32.414837+00
42	5357180	https://youtube.com/shorts/PNI-ZQic?si=fY_ZW9BehMo1-47v	Video	200	2.51	\N	2026-01-07 09:09:39.588259+00
43	5357180	https://youtube.com/shts/0chPNI-ZQic?si=fY_ZW9BehMo1-47v	Video	200	2.63	\N	2026-01-07 09:12:38.690519+00
44	5357180	https://youtube.com/shorts/0chPNI-ZQic?si=fY_ZW9BehMo1-47v	Video	200	6.22	\N	2026-01-07 09:13:05.453526+00
45	5357180	https://youtube.com/shorts/0chPNI-ZQic?si=fY_ZW9BehMo1-47v	Video	200	5.55	\N	2026-01-07 09:13:19.308499+00
46	5357180	https://youtube.com/sho-ZQic?si=fY_ZW9BehMo1-47v	Video	200	4.63	\N	2026-01-07 09:13:30.10284+00
47	5357180	https://youtube.com/sho-ZQic?si=fY_ZW9BehMo1-47v	Video	200	4.78	\N	2026-01-07 09:13:46.572249+00
48	5357180	https://youtube.com/shorts/0chPNI-ZQic?si=fY_ZW9BehMo1-47v	Video	200	6.51	\N	2026-01-07 09:21:11.711401+00
49	5357180	https://youtube.com/shorts/0chPNI-ZQic?si=fY_ZW9BehMo1-47v	Video	200	9.54	\N	2026-01-07 09:37:03.728412+00
50	5357180	https://youtube.com/shorts/0chPNI-ZQic?si=fY_ZW9BehMo1-47v	Video	200	7.76	\N	2026-01-07 09:38:42.425294+00
51	5357180	https://youtube.com/sho-ZQic?si=fY_ZW9BehMo1-47v	Video	500	6.04	ERROR: [youtube:tab] sho-ZQic: Unable to download API page: HTTP Error 404: Not Found (caused by <HTTPError 404: Not Found>)	2026-01-07 10:20:19.789801+00
52	5357180	https://youtube.com/sho-ZQic?si=fY_ZW9BehMo1-47v	Video	500	5.88	ERROR: [youtube:tab] sho-ZQic: Unable to download API page: HTTP Error 404: Not Found (caused by <HTTPError 404: Not Found>)	2026-01-09 13:16:11.898404+00
53	5357180	https://youtube.com/sho-ZQic?si=fY_ZW9BehMo1-47v	Video	500	5.84	ERROR: [youtube:tab] sho-ZQic: Unable to download API page: HTTP Error 404: Not Found (caused by <HTTPError 404: Not Found>)	2026-01-11 16:29:40.889291+00
54	5357180	https://youtube.com/shorts/0chPNI-ZQic?si=fY_ZW9BehMo1-47v	Video	200	6.07	\N	2026-01-11 16:30:07.524615+00
55	5357180	https://youtube.com/shorts/0chPNI-ZQic?si=fY_ZW9BehMo1-47v	Video	500	47.13	ERROR: \r[download] Got error: HTTPSConnectionPool(host='rr6---sn-n8v7znlk.googlevideo.com', port=443): Read timed out. (read timeout=20.0)	2026-01-11 17:39:53.539038+00
56	5357180	https://youtube.com/shorts/0chPNI-ZQic?si=fY_ZW9BehMo1-47v	Video	200	4.76	\N	2026-01-11 17:40:12.648785+00
57	5357180	https://www.google.com	PDF	200	7.9	\N	2026-01-12 03:25:01.543104+00
58	5357180	https://ren.tv/?ysclid=mkaloe2rzd242208837	PDF	200	8.6	\N	2026-01-12 03:25:49.17807+00
59	5357180	https://yandex.ru/video/touch/preview/17253670897246339522?parent-reqid=1768188429502872-12080471464948335026-balancer-l7leveler-kubr-yp-klg-189-BAL&source=tabbar&text=%D0%BD%D0%BE%D0%B2%D0%BE%D1%81%D1%82%D0%B8	PDF	200	8.15	\N	2026-01-12 03:27:34.909078+00
60	5357180	http://www.youtube.com/watch?v=30_lMg-gW1w	Video	200	330.41	\N	2026-01-12 03:34:30.226921+00
61	5357180	https://m.youtube.com/channel/UCyvrF4ri5CpiGSv0aGUcxjA	Video	500	48.34	ERROR: \r[download] Got error: HTTPSConnectionPool(host='rr4---sn-n8v7kne6.googlevideo.com', port=443): Read timed out. (read timeout=20.0)	2026-01-12 06:06:07.19491+00
62	5357180	https://www.youtube.com/watch?v=t4PEoHAvf1A&feature=youtu.be	Video	500	46.31	ERROR: \r[download] Got error: HTTPSConnectionPool(host='rr14---sn-n8v7znse.googlevideo.com', port=443): Read timed out. (read timeout=20.0)	2026-01-12 06:16:13.843531+00
63	5357180	https://www.youtube.com/watch?v=t4PEoHAvf1A&feature=youtu.be	Video	500	45.89	ERROR: \r[download] Got error: HTTPSConnectionPool(host='rr14---sn-n8v7znse.googlevideo.com', port=443): Read timed out. (read timeout=20.0)	2026-01-12 06:18:04.61193+00
64	5357180	https://www.youtube.com/watch?v=t4PEoHAvf1A&feature=youtu.be	Video	500	46.61	ERROR: \r[download] Got error: HTTPSConnectionPool(host='rr16---sn-n8v7kn7d.googlevideo.com', port=443): Read timed out. (read timeout=20.0)	2026-01-12 06:27:37.813942+00
65	5357180	http://www.youtube.com/watch?v=OC6JGUzdKGg	Video	500	46.48	ERROR: \r[download] Got error: HTTPSConnectionPool(host='rr16---sn-n8v7knel.googlevideo.com', port=443): Read timed out. (read timeout=20.0)	2026-01-12 06:35:12.022327+00
66	5357180	http://www.youtube.com/watch?v=OC6JGUzdKGg	Video	500	46	ERROR: \r[download] Got error: HTTPSConnectionPool(host='rr16---sn-n8v7knel.googlevideo.com', port=443): Read timed out. (read timeout=20.0)	2026-01-12 06:36:01.469039+00
67	5357180	http://www.youtube.com/watch?v=yGflja-bWjo	Video	500	46.52	ERROR: \r[download] Got error: HTTPSConnectionPool(host='rr18---sn-n8v7knes.googlevideo.com', port=443): Read timed out. (read timeout=20.0)	2026-01-12 06:37:38.797984+00
68	5357180	http://www.youtube.com/watch?v=yGflja-bWjo	Video	200	18.97	\N	2026-01-12 14:22:58.148694+00
69	5357180	http://www.youtube.com/watch?v=OC6JGUzdKGg	Video	200	70.08	\N	2026-01-12 14:24:22.283724+00
70	5357180	http://www.youtube.com/watch?v=OC6JGUzdKGg	Video	200	46.77	\N	2026-01-12 15:33:42.145897+00
71	5357180	https://www.youtube.com/watch?v=t4PEoHAvf1A&feature=youtu.be	Video	200	44.66	\N	2026-01-12 15:34:41.875653+00
72	5357180	http://www.youtube.com/watch?v=yGflja-bWjo	Video	200	15.6	\N	2026-01-13 01:45:21.310612+00
73	5357180	https://youtu.be/rJRLZfk3a8U?si=2XUfxs9ShXDkP47r	Video	500	592.44	Expecting value: line 1 column 1 (char 0)	2026-01-14 13:16:03.411917+00
74	5357180	https://youtu.be/rJRLZfk3a8U?si=2XUfxs9ShXDkP47r	Video	500	303.52	Expecting value: line 1 column 1 (char 0)	2026-01-14 13:22:09.844805+00
75	5357180	https://vk.com/away.php?to=https%3A%2F%2Fyoutu.be%2FrJRLZfk3a8U%3Fsi%3D2XUfxs9ShXDkP47r&utf=1	PDF	200	38.43	\N	2026-01-14 17:52:45.824522+00
76	5357180	https://youtu.be/rJRLZfk3a8U?si=2XUfxs9ShXDkP47r	Video	500	404.38	Expecting value: line 1 column 1 (char 0)	2026-01-14 17:59:50.412762+00
77	5357180	https://youtu.be/rJRLZfk3a8U?si=2XUfxs9ShXDkP47r	Video	500	546.3	Expecting value: line 1 column 1 (char 0)	2026-01-14 18:11:01.521912+00
78	5357180	https://www.youtube.com/watch?v=0qfOEZorzm8	Video	200	18.67	\N	2026-01-14 18:58:08.830809+00
79	5357180	https://youtube.com/shorts/ONmMyU0LOR4?si=ftjJHu4CEUMUKYE2	Video	200	10.22	\N	2026-01-17 04:16:39.203811+00
80	5357180	https://youtube.com/shorts/bC8mTT3zKoE?si=0wDOMB_Cm-TVmxGb	Video	200	14.57	\N	2026-01-18 12:57:22.408882+00
81	5357180	https://youtube.com/shorts/bC8mTT3zKoE?si=0wDOMB_Cm-TVmxGb	Video	200	11.14	\N	2026-01-18 13:18:09.694992+00
82	5357180	https://youtube.com/shorts/KHkOjoovi0o?si=LGbj9GeyddAj3_Ij	Video	200	6.09	\N	2026-01-18 13:52:18.561927+00
83	5357180	https://m.youtube.com/watch?v=R91RnCXRcko	Video	200	74.07	\N	2026-01-26 05:08:55.768477+00
84	5357180	http://anekdotov.net/anekdot/all/vzdrvprstbrslpt.htm	PDF	200	8.14	\N	2026-01-30 05:29:28.544504+00
85	5357180	https://www.ozon.ru/product/kardigan-2869507947/	PDF	200	7.32	\N	2026-01-30 08:48:46.899521+00
86	5357180	https://www.youtube.com/watch?v=glJA-fHizFw	Video	500	265.5	ERROR: [youtube] glJA-fHizFw: Unable to download API page: HTTPSConnectionPool(host='www.youtube.com', port=443): Read timed out. (read timeout=20.0) (caused by TransportError("HTTPSConnectionPool(host='www.youtube.com', port=443): Read timed out. (read timeout=20.0)"))	2026-02-01 17:55:31.758575+00
87	5357180	https://www.youtube.com/watch?v=glJA-fHizFw	Video	500	308.48	ERROR: unable to download video data: HTTP Error 403: Forbidden	2026-02-18 16:05:40.011688+00
88	5357180	https://www.youtube.com/watch?v=glJA-fHizFw	Video	500	164.99	ERROR: unable to download video data: HTTP Error 403: Forbidden	2026-02-18 16:11:23.788907+00
89	5357180	https://www.youtube.com/watch?v=glJA-fHizFw	Video	500	323.77	ERROR: [youtube] glJA-fHizFw: Unable to download API page: HTTPSConnectionPool(host='www.youtube.com', port=443): Read timed out. (read timeout=20.0) (caused by TransportError("HTTPSConnectionPool(host='www.youtube.com', port=443): Read timed out. (read timeout=20.0)"))	2026-02-18 16:49:51.087176+00
90	5357180	https://www.youtube.com/watch?v=glJA-fHizFw	Video	500	323.87	ERROR: [youtube] glJA-fHizFw: Unable to download API page: HTTPSConnectionPool(host='www.youtube.com', port=443): Read timed out. (read timeout=20.0) (caused by TransportError("HTTPSConnectionPool(host='www.youtube.com', port=443): Read timed out. (read timeout=20.0)"))	2026-02-18 17:42:00.14909+00
91	5357180	https://www.youtube.com/watch?v=glJA-fHizFw	Video	500	322.91	ERROR: [youtube] glJA-fHizFw: Unable to download API page: HTTPSConnectionPool(host='www.youtube.com', port=443): Read timed out. (read timeout=20.0) (caused by TransportError("HTTPSConnectionPool(host='www.youtube.com', port=443): Read timed out. (read timeout=20.0)"))	2026-02-18 17:42:13.719346+00
92	5357180	https://www.youtube.com/watch?v=glJA-fHizFw	Video	500	286.74	ERROR: unable to download video data: HTTP Error 403: Forbidden	2026-02-18 17:42:38.441952+00
93	5357180	https://www.youtube.com/watch?v=glJA-fHizFw	Video	500	323.71	ERROR: [youtube] glJA-fHizFw: Unable to download API page: HTTPSConnectionPool(host='www.youtube.com', port=443): Read timed out. (read timeout=20.0) (caused by TransportError("HTTPSConnectionPool(host='www.youtube.com', port=443): Read timed out. (read timeout=20.0)"))	2026-02-19 06:26:56.118414+00
94	5357180	https://yandex.ru/images/touch/search?text=%D0%B2%D0%B8%D0%B4%20%D0%BD%D0%B8%D0%B7%D0%BA%D0%BE%D0%B9%20%D0%BA%D1%80%D1%83%D0%B3%D0%BE%D0%B2%D0%BE%D0%B9%20%D0%BE%D1%80%D0%B1%D0%B8%D1%82%D1%8B%20%D1%81%20%D0%B3%D1%81%D0%BE&img_url=https%3A%2F%2Fstudfile.net%2Fhtml%2F2706%2F1111%2Fhtml_rIBYKFnwGy.iHy2%2Fimg-n3k981.png&rpt=simage&pos=37&p=1&lr=20086&redircnt=1772447127.1	PDF	200	31.12	\N	2026-03-02 10:26:34.632092+00
95	5357180	http://www.youtube.com/watch?v=6y5up-dedtU	Video	500	302.22	ERROR: [youtube] 6y5up-dedtU: Unable to download API page: HTTPSConnectionPool(host='www.youtube.com', port=443): Read timed out. (read timeout=20.0) (caused by TransportError("HTTPSConnectionPool(host='www.youtube.com', port=443): Read timed out. (read timeout=20.0)"))	2026-03-02 10:32:25.828295+00
96	5357180	http://www.youtube.com/watch?v=6y5up-dedtU	Video	500	172.8	ERROR: [youtube] 6y5up-dedtU: Unable to download API page: HTTPSConnectionPool(host='www.youtube.com', port=443): Read timed out. (read timeout=20.0) (caused by TransportError("HTTPSConnectionPool(host='www.youtube.com', port=443): Read timed out. (read timeout=20.0)"))	2026-03-02 10:32:26.302165+00
97	5357180	https://yandex.ru/images/touch/search?text=%D0%B2%D0%B8%D0%B4%20%D0%BD%D0%B8%D0%B7%D0%BA%D0%BE%D0%B9%20%D0%BA%D1%80%D1%83%D0%B3%D0%BE%D0%B2%D0%BE%D0%B9%20%D0%BE%D1%80%D0%B1%D0%B8%D1%82%D1%8B%20%D1%81%20%D0%B3%D1%81%D0%BE&img_url=https%3A%2F%2Fstudfile.net%2Fhtml%2F2706%2F1111%2Fhtml_rIBYKFnwGy.iHy2%2Fimg-n3k981.png&rpt=simage&pos=37&p=1&lr=20086&redircnt=1772447127.1	PDF	200	18.44	\N	2026-03-02 13:50:54.303245+00
98	5357180	http://www.youtube.com/watch?v=6y5up-dedtU	Video	500	45.97	ERROR: unable to download video data: HTTP Error 403: Forbidden	2026-03-03 15:59:45.749781+00
99	5357180	http://www.youtube.com/watch?v=6y5up-dedtU	Video	500	323.66	ERROR: [youtube] 6y5up-dedtU: Unable to download API page: HTTPSConnectionPool(host='www.youtube.com', port=443): Read timed out. (read timeout=20.0) (caused by TransportError("HTTPSConnectionPool(host='www.youtube.com', port=443): Read timed out. (read timeout=20.0)"))	2026-03-04 17:16:09.843329+00
100	5357180	http://www.youtube.com/watch?v=6y5up-dedtU	Video	200	21.25	\N	2026-03-09 08:28:20.194225+00
101	5357180	http://www.youtube.com/watch?v=6y5up-dedtU	Video	200	13.63	\N	2026-03-09 09:17:52.649173+00
102	5357180	http://www.youtube.com/watch?v=6y5up-dedtU	Video	200	14.83	\N	2026-03-09 15:40:00.544205+00
103	5357180	http://www.youtube.com/watch?v=6y5up-dedtU	Video	200	14.96	\N	2026-03-09 15:55:04.867+00
104	5357180	http://www.youtube.com/watch?v=6y5up-dedtU	Video	200	12.62	\N	2026-03-09 16:43:16.474023+00
105	5357180	http://www.youtube.com/watch?v=6y5up-dedtU	Video	200	12.63	\N	2026-03-09 17:09:12.60703+00
106	5357180	http://www.youtube.com/watch?v=6y5up-dedtU	Video	200	12.79	\N	2026-03-09 17:12:22.153542+00
107	5357180	http://www.youtube.com/watch?v=6y5up-dedtU	Video	200	14.83	\N	2026-03-09 17:30:18.673657+00
108	5357180	http://www.youtube.com/watch?v=6y5up-dedtU	Video	200	17.58	\N	2026-03-09 18:01:44.781319+00
109	5357180	http://www.youtube.com/watch?v=6y5up-dedtU	Video	500	0.94	name 'd' is not defined	2026-03-10 17:31:22.998818+00
110	5357180	http://www.youtube.com/watch?v=6y5up-dedtU	Video	500	0.97	name 'd' is not defined	2026-03-10 17:31:47.199998+00
111	5357180	http://www.youtube.com/watch?v=6y5up-dedtU	Video	500	0.91	name 'd' is not defined	2026-03-10 17:32:41.615605+00
112	5357180	http://www.youtube.com/watch?v=6y5up-dedtU	Video	500	1.23	name 'd' is not defined	2026-03-10 17:52:11.088185+00
113	5357180	https://www.youtube.com/watch?v=glJA-fHizFw	Video	500	1.01	name 'd' is not defined	2026-03-10 17:53:11.077099+00
114	5357180	https://www.youtube.com/watch?v=glJA-fHizFw	Video	500	0.96	name 'd' is not defined	2026-03-10 17:53:23.222165+00
115	5357180	https://www.youtube.com/watch?v=glJA-fHizFw	Video	500	1.48	name 'd' is not defined	2026-03-10 18:16:00.649181+00
116	5357180	https://www.youtube.com/watch?v=glJA-fHizFw	Video	200	101.57	\N	2026-03-10 18:29:27.746704+00
117	5357180	http://www.youtube.com/watch?v=6y5up-dedtU	Video	200	15.57	\N	2026-03-11 13:38:44.768724+00
118	5357180	http://www.youtube.com/watch?v=6y5up-dedtU	Video	200	17.21	\N	2026-03-11 14:14:54.321364+00
119	5357180	http://www.youtube.com/watch?v=6y5up-dedtU	Video	200	17.71	\N	2026-03-11 14:35:58.283666+00
120	5357180	http://www.youtube.com/watch?v=6y5up-dedtU	Video	200	16.85	\N	2026-03-11 14:57:49.478884+00
121	5357180	http://www.youtube.com/watch?v=6y5up-dedtU	Video	200	15.59	\N	2026-03-11 15:09:26.960862+00
122	5357180	http://www.youtube.com/watch?v=6y5up-dedtU	Video	200	20.64	\N	2026-03-11 15:16:23.538578+00
123	5357180	http://www.youtube.com/watch?v=6y5up-dedtU	Video	200	16.78	\N	2026-03-11 15:32:54.810304+00
124	5357180	http://www.youtube.com/watch?v=6y5up-dedtU	Video	200	23.75	\N	2026-03-11 15:34:48.889637+00
125	5357180	http://www.youtube.com/watch?v=6y5up-dedtU	Video	200	29.59	\N	2026-03-11 15:35:23.889872+00
126	5357180	http://www.youtube.com/watch?v=6y5up-dedtU	Video	200	17.28	\N	2026-03-11 15:45:29.956945+00
127	5357180	http://www.youtube.com/watch?v=6y5up-dedtU	Video	200	16.14	\N	2026-03-11 15:46:12.375513+00
128	5357180	http://www.youtube.com/watch?v=6y5up-dedtU	Video	200	23.16	\N	2026-03-22 05:33:39.252375+00
\.


--
-- Name: auth_group_id_seq; Type: SEQUENCE SET; Schema: public; Owner: admin
--

SELECT pg_catalog.setval('public.auth_group_id_seq', 1, false);


--
-- Name: auth_group_permissions_id_seq; Type: SEQUENCE SET; Schema: public; Owner: admin
--

SELECT pg_catalog.setval('public.auth_group_permissions_id_seq', 1, false);


--
-- Name: auth_permission_id_seq; Type: SEQUENCE SET; Schema: public; Owner: admin
--

SELECT pg_catalog.setval('public.auth_permission_id_seq', 28, true);


--
-- Name: auth_user_groups_id_seq; Type: SEQUENCE SET; Schema: public; Owner: admin
--

SELECT pg_catalog.setval('public.auth_user_groups_id_seq', 1, false);


--
-- Name: auth_user_id_seq; Type: SEQUENCE SET; Schema: public; Owner: admin
--

SELECT pg_catalog.setval('public.auth_user_id_seq', 1, true);


--
-- Name: auth_user_user_permissions_id_seq; Type: SEQUENCE SET; Schema: public; Owner: admin
--

SELECT pg_catalog.setval('public.auth_user_user_permissions_id_seq', 1, false);


--
-- Name: django_admin_log_id_seq; Type: SEQUENCE SET; Schema: public; Owner: admin
--

SELECT pg_catalog.setval('public.django_admin_log_id_seq', 2, true);


--
-- Name: django_content_type_id_seq; Type: SEQUENCE SET; Schema: public; Owner: admin
--

SELECT pg_catalog.setval('public.django_content_type_id_seq', 7, true);


--
-- Name: django_migrations_id_seq; Type: SEQUENCE SET; Schema: public; Owner: admin
--

SELECT pg_catalog.setval('public.django_migrations_id_seq', 20, true);


--
-- Name: logs_requestlog_id_seq; Type: SEQUENCE SET; Schema: public; Owner: admin
--

SELECT pg_catalog.setval('public.logs_requestlog_id_seq', 128, true);


--
-- Name: auth_group auth_group_name_key; Type: CONSTRAINT; Schema: public; Owner: admin
--

ALTER TABLE ONLY public.auth_group
    ADD CONSTRAINT auth_group_name_key UNIQUE (name);


--
-- Name: auth_group_permissions auth_group_permissions_group_id_permission_id_0cd325b0_uniq; Type: CONSTRAINT; Schema: public; Owner: admin
--

ALTER TABLE ONLY public.auth_group_permissions
    ADD CONSTRAINT auth_group_permissions_group_id_permission_id_0cd325b0_uniq UNIQUE (group_id, permission_id);


--
-- Name: auth_group_permissions auth_group_permissions_pkey; Type: CONSTRAINT; Schema: public; Owner: admin
--

ALTER TABLE ONLY public.auth_group_permissions
    ADD CONSTRAINT auth_group_permissions_pkey PRIMARY KEY (id);


--
-- Name: auth_group auth_group_pkey; Type: CONSTRAINT; Schema: public; Owner: admin
--

ALTER TABLE ONLY public.auth_group
    ADD CONSTRAINT auth_group_pkey PRIMARY KEY (id);


--
-- Name: auth_permission auth_permission_content_type_id_codename_01ab375a_uniq; Type: CONSTRAINT; Schema: public; Owner: admin
--

ALTER TABLE ONLY public.auth_permission
    ADD CONSTRAINT auth_permission_content_type_id_codename_01ab375a_uniq UNIQUE (content_type_id, codename);


--
-- Name: auth_permission auth_permission_pkey; Type: CONSTRAINT; Schema: public; Owner: admin
--

ALTER TABLE ONLY public.auth_permission
    ADD CONSTRAINT auth_permission_pkey PRIMARY KEY (id);


--
-- Name: auth_user_groups auth_user_groups_pkey; Type: CONSTRAINT; Schema: public; Owner: admin
--

ALTER TABLE ONLY public.auth_user_groups
    ADD CONSTRAINT auth_user_groups_pkey PRIMARY KEY (id);


--
-- Name: auth_user_groups auth_user_groups_user_id_group_id_94350c0c_uniq; Type: CONSTRAINT; Schema: public; Owner: admin
--

ALTER TABLE ONLY public.auth_user_groups
    ADD CONSTRAINT auth_user_groups_user_id_group_id_94350c0c_uniq UNIQUE (user_id, group_id);


--
-- Name: auth_user auth_user_pkey; Type: CONSTRAINT; Schema: public; Owner: admin
--

ALTER TABLE ONLY public.auth_user
    ADD CONSTRAINT auth_user_pkey PRIMARY KEY (id);


--
-- Name: auth_user_user_permissions auth_user_user_permissions_pkey; Type: CONSTRAINT; Schema: public; Owner: admin
--

ALTER TABLE ONLY public.auth_user_user_permissions
    ADD CONSTRAINT auth_user_user_permissions_pkey PRIMARY KEY (id);


--
-- Name: auth_user_user_permissions auth_user_user_permissions_user_id_permission_id_14a6b632_uniq; Type: CONSTRAINT; Schema: public; Owner: admin
--

ALTER TABLE ONLY public.auth_user_user_permissions
    ADD CONSTRAINT auth_user_user_permissions_user_id_permission_id_14a6b632_uniq UNIQUE (user_id, permission_id);


--
-- Name: auth_user auth_user_username_key; Type: CONSTRAINT; Schema: public; Owner: admin
--

ALTER TABLE ONLY public.auth_user
    ADD CONSTRAINT auth_user_username_key UNIQUE (username);


--
-- Name: django_admin_log django_admin_log_pkey; Type: CONSTRAINT; Schema: public; Owner: admin
--

ALTER TABLE ONLY public.django_admin_log
    ADD CONSTRAINT django_admin_log_pkey PRIMARY KEY (id);


--
-- Name: django_content_type django_content_type_app_label_model_76bd3d3b_uniq; Type: CONSTRAINT; Schema: public; Owner: admin
--

ALTER TABLE ONLY public.django_content_type
    ADD CONSTRAINT django_content_type_app_label_model_76bd3d3b_uniq UNIQUE (app_label, model);


--
-- Name: django_content_type django_content_type_pkey; Type: CONSTRAINT; Schema: public; Owner: admin
--

ALTER TABLE ONLY public.django_content_type
    ADD CONSTRAINT django_content_type_pkey PRIMARY KEY (id);


--
-- Name: django_migrations django_migrations_pkey; Type: CONSTRAINT; Schema: public; Owner: admin
--

ALTER TABLE ONLY public.django_migrations
    ADD CONSTRAINT django_migrations_pkey PRIMARY KEY (id);


--
-- Name: django_session django_session_pkey; Type: CONSTRAINT; Schema: public; Owner: admin
--

ALTER TABLE ONLY public.django_session
    ADD CONSTRAINT django_session_pkey PRIMARY KEY (session_key);


--
-- Name: logs_requestlog logs_requestlog_pkey; Type: CONSTRAINT; Schema: public; Owner: admin
--

ALTER TABLE ONLY public.logs_requestlog
    ADD CONSTRAINT logs_requestlog_pkey PRIMARY KEY (id);


--
-- Name: auth_group_name_a6ea08ec_like; Type: INDEX; Schema: public; Owner: admin
--

CREATE INDEX auth_group_name_a6ea08ec_like ON public.auth_group USING btree (name varchar_pattern_ops);


--
-- Name: auth_group_permissions_group_id_b120cbf9; Type: INDEX; Schema: public; Owner: admin
--

CREATE INDEX auth_group_permissions_group_id_b120cbf9 ON public.auth_group_permissions USING btree (group_id);


--
-- Name: auth_group_permissions_permission_id_84c5c92e; Type: INDEX; Schema: public; Owner: admin
--

CREATE INDEX auth_group_permissions_permission_id_84c5c92e ON public.auth_group_permissions USING btree (permission_id);


--
-- Name: auth_permission_content_type_id_2f476e4b; Type: INDEX; Schema: public; Owner: admin
--

CREATE INDEX auth_permission_content_type_id_2f476e4b ON public.auth_permission USING btree (content_type_id);


--
-- Name: auth_user_groups_group_id_97559544; Type: INDEX; Schema: public; Owner: admin
--

CREATE INDEX auth_user_groups_group_id_97559544 ON public.auth_user_groups USING btree (group_id);


--
-- Name: auth_user_groups_user_id_6a12ed8b; Type: INDEX; Schema: public; Owner: admin
--

CREATE INDEX auth_user_groups_user_id_6a12ed8b ON public.auth_user_groups USING btree (user_id);


--
-- Name: auth_user_user_permissions_permission_id_1fbb5f2c; Type: INDEX; Schema: public; Owner: admin
--

CREATE INDEX auth_user_user_permissions_permission_id_1fbb5f2c ON public.auth_user_user_permissions USING btree (permission_id);


--
-- Name: auth_user_user_permissions_user_id_a95ead1b; Type: INDEX; Schema: public; Owner: admin
--

CREATE INDEX auth_user_user_permissions_user_id_a95ead1b ON public.auth_user_user_permissions USING btree (user_id);


--
-- Name: auth_user_username_6821ab7c_like; Type: INDEX; Schema: public; Owner: admin
--

CREATE INDEX auth_user_username_6821ab7c_like ON public.auth_user USING btree (username varchar_pattern_ops);


--
-- Name: django_admin_log_content_type_id_c4bce8eb; Type: INDEX; Schema: public; Owner: admin
--

CREATE INDEX django_admin_log_content_type_id_c4bce8eb ON public.django_admin_log USING btree (content_type_id);


--
-- Name: django_admin_log_user_id_c564eba6; Type: INDEX; Schema: public; Owner: admin
--

CREATE INDEX django_admin_log_user_id_c564eba6 ON public.django_admin_log USING btree (user_id);


--
-- Name: django_session_expire_date_a5c62663; Type: INDEX; Schema: public; Owner: admin
--

CREATE INDEX django_session_expire_date_a5c62663 ON public.django_session USING btree (expire_date);


--
-- Name: django_session_session_key_c0390e0f_like; Type: INDEX; Schema: public; Owner: admin
--

CREATE INDEX django_session_session_key_c0390e0f_like ON public.django_session USING btree (session_key varchar_pattern_ops);


--
-- Name: auth_group_permissions auth_group_permissio_permission_id_84c5c92e_fk_auth_perm; Type: FK CONSTRAINT; Schema: public; Owner: admin
--

ALTER TABLE ONLY public.auth_group_permissions
    ADD CONSTRAINT auth_group_permissio_permission_id_84c5c92e_fk_auth_perm FOREIGN KEY (permission_id) REFERENCES public.auth_permission(id) DEFERRABLE INITIALLY DEFERRED;


--
-- Name: auth_group_permissions auth_group_permissions_group_id_b120cbf9_fk_auth_group_id; Type: FK CONSTRAINT; Schema: public; Owner: admin
--

ALTER TABLE ONLY public.auth_group_permissions
    ADD CONSTRAINT auth_group_permissions_group_id_b120cbf9_fk_auth_group_id FOREIGN KEY (group_id) REFERENCES public.auth_group(id) DEFERRABLE INITIALLY DEFERRED;


--
-- Name: auth_permission auth_permission_content_type_id_2f476e4b_fk_django_co; Type: FK CONSTRAINT; Schema: public; Owner: admin
--

ALTER TABLE ONLY public.auth_permission
    ADD CONSTRAINT auth_permission_content_type_id_2f476e4b_fk_django_co FOREIGN KEY (content_type_id) REFERENCES public.django_content_type(id) DEFERRABLE INITIALLY DEFERRED;


--
-- Name: auth_user_groups auth_user_groups_group_id_97559544_fk_auth_group_id; Type: FK CONSTRAINT; Schema: public; Owner: admin
--

ALTER TABLE ONLY public.auth_user_groups
    ADD CONSTRAINT auth_user_groups_group_id_97559544_fk_auth_group_id FOREIGN KEY (group_id) REFERENCES public.auth_group(id) DEFERRABLE INITIALLY DEFERRED;


--
-- Name: auth_user_groups auth_user_groups_user_id_6a12ed8b_fk_auth_user_id; Type: FK CONSTRAINT; Schema: public; Owner: admin
--

ALTER TABLE ONLY public.auth_user_groups
    ADD CONSTRAINT auth_user_groups_user_id_6a12ed8b_fk_auth_user_id FOREIGN KEY (user_id) REFERENCES public.auth_user(id) DEFERRABLE INITIALLY DEFERRED;


--
-- Name: auth_user_user_permissions auth_user_user_permi_permission_id_1fbb5f2c_fk_auth_perm; Type: FK CONSTRAINT; Schema: public; Owner: admin
--

ALTER TABLE ONLY public.auth_user_user_permissions
    ADD CONSTRAINT auth_user_user_permi_permission_id_1fbb5f2c_fk_auth_perm FOREIGN KEY (permission_id) REFERENCES public.auth_permission(id) DEFERRABLE INITIALLY DEFERRED;


--
-- Name: auth_user_user_permissions auth_user_user_permissions_user_id_a95ead1b_fk_auth_user_id; Type: FK CONSTRAINT; Schema: public; Owner: admin
--

ALTER TABLE ONLY public.auth_user_user_permissions
    ADD CONSTRAINT auth_user_user_permissions_user_id_a95ead1b_fk_auth_user_id FOREIGN KEY (user_id) REFERENCES public.auth_user(id) DEFERRABLE INITIALLY DEFERRED;


--
-- Name: django_admin_log django_admin_log_content_type_id_c4bce8eb_fk_django_co; Type: FK CONSTRAINT; Schema: public; Owner: admin
--

ALTER TABLE ONLY public.django_admin_log
    ADD CONSTRAINT django_admin_log_content_type_id_c4bce8eb_fk_django_co FOREIGN KEY (content_type_id) REFERENCES public.django_content_type(id) DEFERRABLE INITIALLY DEFERRED;


--
-- Name: django_admin_log django_admin_log_user_id_c564eba6_fk_auth_user_id; Type: FK CONSTRAINT; Schema: public; Owner: admin
--

ALTER TABLE ONLY public.django_admin_log
    ADD CONSTRAINT django_admin_log_user_id_c564eba6_fk_auth_user_id FOREIGN KEY (user_id) REFERENCES public.auth_user(id) DEFERRABLE INITIALLY DEFERRED;


--
-- PostgreSQL database dump complete
--

\unrestrict YvycXxQMKWAXaVpKWukHQjqWCeDJGVp5KdX6or7NJT7W9fNjhSSYlzAFAralmMr

